reward_max	reward_mean	time
58.0	31.6	0.1324615478515625
130.0	75.5	0.41289305686950684
130.0	98.4	0.7763931751251221
167.0	95.6	1.1493661403656006
167.0	114.1	1.612257719039917
459.0	153.4	2.2302677631378174
459.0	194.8	2.8091304302215576
459.0	327.2	3.8864550590515137
