reward_max	reward_mean	time
57.0	30.1	0.12730073928833008
149.0	95.2	0.44197821617126465
186.0	147.3	0.9934031963348389
261.0	192.6	1.6208586692810059
345.0	233.4	2.4243648052215576
