reward_max	reward_mean	time
373.0	88.6	0.23348450660705566
373.0	117.4	0.5340695381164551
475.0	166.4	0.961738109588623
500.0	200.8	1.5566246509552002
