reward_max	reward_mean	time
96.0	43.7	0.14356327056884766
390.0	134.6	0.5653409957885742
390.0	180.9	1.1153287887573242
500.0	260.3	1.8688812255859375
