reward_max	reward_mean	time
112.0	36.3	0.12712359428405762
112.0	53.6	0.35584497451782227
223.0	79.0	0.6910474300384521
223.0	114.0	1.0555205345153809
309.0	159.6	1.556107997894287
500.0	364.5	2.401015520095825
