reward_max	reward_mean	time
128.0	34.4	0.12327170372009277
283.0	105.1	0.4119868278503418
498.0	236.0	1.044283390045166
