reward_max	reward_mean	time
200.0	51.0	0.15509295463562012
500.0	395.1	1.7541487216949463
