reward_max	reward_mean	time
145.0	37.8	0.13253307342529297
350.0	121.1	0.4596590995788574
500.0	231.8	1.0750000476837158
