reward_max	reward_mean	time
245.0	59.0	0.17531180381774902
345.0	140.1	0.5430598258972168
500.0	251.6	1.15061616897583
