reward_max	reward_mean	time
58.0	29.1	0.11726975440979004
95.0	58.3	0.33150768280029297
316.0	116.3	0.7172083854675293
316.0	141.6	1.1609883308410645
500.0	418.8	2.156062364578247
