reward_max	reward_mean	time
216.0	62.8	0.1780986785888672
216.0	102.4	0.5027918815612793
500.0	174.3	0.9458315372467041
500.0	270.0	1.5793800354003906
